Age,RiskTolerance,InvestmentHorizon,Equity%,Bond%,VTI%,VB%,VEA%,VSS%,VWO%,BND%,BNDX%
18,low,short,72,28,32.0,8.0,17.6,4.0,10.4,16.8,11.2
18,low,medium,82,18,36.4,9.1,20.0,4.6,11.8,10.8,7.2
18,low,long,87,13,38.6,9.7,21.2,4.9,12.5,7.8,5.2
18,moderate,short,82,18,36.4,9.1,20.0,4.6,11.8,10.8,7.2
18,moderate,medium,90,10,40.0,10.0,22.0,5.0,13.0,6.0,4.0
18,moderate,long,90,10,40.0,10.0,22.0,5.0,13.0,6.0,4.0
18,high,short,87,13,38.6,9.7,21.2,4.9,12.5,7.8,5.2
18,high,medium,90,10,40.0,10.0,22.0,5.0,13.0,6.0,4.0
18,high,long,90,10,40.0,10.0,22.0,5.0,13.0,6.0,4.0
19,low,short,71,29,31.5,7.9,17.3,4.0,10.2,17.4,11.6
19,low,medium,81,19,36.0,9.0,19.8,4.5,11.7,11.4,7.6
19,low,long,86,14,38.2,9.5,21.0,4.8,12.4,8.4,5.6
19,moderate,short,81,19,36.0,9.0,19.8,4.5,11.7,11.4,7.6
19,moderate,medium,90,10,40.0,10.0,22.0,5.0,13.0,6.0,4.0
19,moderate,long,90,10,40.0,10.0,22.0,5.0,13.0,6.0,4.0
19,high,short,86,14,38.2,9.5,21.0,4.8,12.4,8.4,5.6
19,high,medium,90,10,40.0,10.0,22.0,5.0,13.0,6.0,4.0
19,high,long,90,10,40.0,10.0,22.0,5.0,13.0,6.0,4.0
20,low,short,70,30,31.1,7.8,17.1,3.9,10.1,18.0,12.0
20,low,medium,80,20,35.5,8.9,19.5,4.5,11.5,12.0,8.0
20,low,long,85,15,37.7,9.4,20.7,4.8,12.2,9.0,6.0
20,moderate,short,80,20,35.5,8.9,19.5,4.5,11.5,12.0,8.0
20,moderate,medium,90,10,40.0,10.0,22.0,5.0,13.0,6.0,4.0
20,moderate,long,90,10,40.0,10.0,22.0,5.0,13.0,6.0,4.0
20,high,short,85,15,37.7,9.4,20.7,4.8,12.2,9.0,6.0
20,high,medium,90,10,40.0,10.0,22.0,5.0,13.0,6.0,4.0
20,high,long,90,10,40.0,10.0,22.0,5.0,13.0,6.0,4.0
21,low,short,69,31,30.6,7.7,16.8,3.9,9.9,18.6,12.4
21,low,medium,79,21,35.1,8.8,19.3,4.4,11.4,12.6,8.4
21,low,long,84,16,37.3,9.3,20.5,4.7,12.1,9.6,6.4
21,moderate,short,79,21,35.1,8.8,19.3,4.4,11.4,12.6,8.4
21,moderate,medium,89,11,39.5,9.9,21.7,5.0,12.8,6.6,4.4
21,moderate,long,90,10,40.0,10.0,22.0,5.0,13.0,6.0,4.0
21,high,short,84,16,37.3,9.3,20.5,4.7,12.1,9.6,6.4
21,high,medium,90,10,40.0,10.0,22.0,5.0,13.0,6.0,4.0
21,high,long,90,10,40.0,10.0,22.0,5.0,13.0,6.0,4.0
22,low,short,68,32,30.2,7.5,16.6,3.8,9.8,19.2,12.8
22,low,medium,78,22,34.6,8.7,19.0,4.4,11.2,13.2,8.8
22,low,long,83,17,36.9,9.2,20.3,4.6,12.0,10.2,6.8
22,moderate,short,78,22,34.6,8.7,19.0,4.4,11.2,13.2,8.8
22,moderate,medium,88,12,39.1,9.8,21.5,4.9,12.7,7.2,4.8
22,moderate,long,90,10,40.0,10.0,22.0,5.0,13.0,6.0,4.0
22,high,short,83,17,36.9,9.2,20.3,4.6,12.0,10.2,6.8
22,high,medium,90,10,40.0,10.0,22.0,5.0,13.0,6.0,4.0
22,high,long,90,10,40.0,10.0,22.0,5.0,13.0,6.0,4.0
23,low,short,67,33,29.7,7.4,16.3,3.8,9.6,19.8,13.2
23,low,medium,77,23,34.2,8.5,18.8,4.3,11.1,13.8,9.2
23,low,long,82,18,36.4,9.1,20.0,4.6,11.8,10.8,7.2
23,moderate,short,77,23,34.2,8.5,18.8,4.3,11.1,13.8,9.2
23,moderate,medium,87,13,38.6,9.7,21.2,4.9,12.5,7.8,5.2
23,moderate,long,90,10,40.0,10.0,22.0,5.0,13.0,6.0,4.0
23,high,short,82,18,36.4,9.1,20.0,4.6,11.8,10.8,7.2
23,high,medium,90,10,40.0,10.0,22.0,5.0,13.0,6.0,4.0
23,high,long,90,10,40.0,10.0,22.0,5.0,13.0,6.0,4.0
24,low,short,66,34,29.3,7.3,16.1,3.7,9.5,20.4,13.6
24,low,medium,76,24,33.7,8.4,18.5,4.3,10.9,14.4,9.6
24,low,long,81,19,36.0,9.0,19.8,4.5,11.7,11.4,7.6
24,moderate,short,76,24,33.7,8.4,18.5,4.3,10.9,14.4,9.6
24,moderate,medium,86,14,38.2,9.5,21.0,4.8,12.4,8.4,5.6
24,moderate,long,90,10,40.0,10.0,22.0,5.0,13.0,6.0,4.0
24,high,short,81,19,36.0,9.0,19.8,4.5,11.7,11.4,7.6
24,high,medium,90,10,40.0,10.0,22.0,5.0,13.0,6.0,4.0
24,high,long,90,10,40.0,10.0,22.0,5.0,13.0,6.0,4.0
25,low,short,65,35,28.9,7.2,15.9,3.6,9.4,21.0,14.0
25,low,medium,75,25,33.3,8.3,18.3,4.2,10.8,15.0,10.0
25,low,long,80,20,35.5,8.9,19.5,4.5,11.5,12.0,8.0
25,moderate,short,75,25,33.3,8.3,18.3,4.2,10.8,15.0,10.0
25,moderate,medium,85,15,37.7,9.4,20.7,4.8,12.2,9.0,6.0
25,moderate,long,90,10,40.0,10.0,22.0,5.0,13.0,6.0,4.0
25,high,short,80,20,35.5,8.9,19.5,4.5,11.5,12.0,8.0
25,high,medium,90,10,40.0,10.0,22.0,5.0,13.0,6.0,4.0
25,high,long,90,10,40.0,10.0,22.0,5.0,13.0,6.0,4.0
26,low,short,64,36,28.4,7.1,15.6,3.6,9.2,21.6,14.4
26,low,medium,74,26,32.9,8.2,18.1,4.1,10.7,15.6,10.4
26,low,long,79,21,35.1,8.8,19.3,4.4,11.4,12.6,8.4
26,moderate,short,74,26,32.9,8.2,18.1,4.1,10.7,15.6,10.4
26,moderate,medium,84,16,37.3,9.3,20.5,4.7,12.1,9.6,6.4
26,moderate,long,89,11,39.5,9.9,21.7,5.0,12.8,6.6,4.4
26,high,short,79,21,35.1,8.8,19.3,4.4,11.4,12.6,8.4
26,high,medium,89,11,39.5,9.9,21.7,5.0,12.8,6.6,4.4
26,high,long,90,10,40.0,10.0,22.0,5.0,13.0,6.0,4.0
27,low,short,63,37,28.0,7.0,15.4,3.5,9.1,22.2,14.8
27,low,medium,73,27,32.4,8.1,17.8,4.1,10.5,16.2,10.8
27,low,long,78,22,34.6,8.7,19.0,4.4,11.2,13.2,8.8
27,moderate,short,73,27,32.4,8.1,17.8,4.1,10.5,16.2,10.8
27,moderate,medium,83,17,36.9,9.2,20.3,4.6,12.0,10.2,6.8
27,moderate,long,88,12,39.1,9.8,21.5,4.9,12.7,7.2,4.8
27,high,short,78,22,34.6,8.7,19.0,4.4,11.2,13.2,8.8
27,high,medium,88,12,39.1,9.8,21.5,4.9,12.7,7.2,4.8
27,high,long,90,10,40.0,10.0,22.0,5.0,13.0,6.0,4.0
28,low,short,62,38,27.5,6.9,15.1,3.5,8.9,22.8,15.2
28,low,medium,72,28,32.0,8.0,17.6,4.0,10.4,16.8,11.2
28,low,long,77,23,34.2,8.5,18.8,4.3,11.1,13.8,9.2
28,moderate,short,72,28,32.0,8.0,17.6,4.0,10.4,16.8,11.2
28,moderate,medium,82,18,36.4,9.1,20.0,4.6,11.8,10.8,7.2
28,moderate,long,87,13,38.6,9.7,21.2,4.9,12.5,7.8,5.2
28,high,short,77,23,34.2,8.5,18.8,4.3,11.1,13.8,9.2
28,high,medium,87,13,38.6,9.7,21.2,4.9,12.5,7.8,5.2
28,high,long,90,10,40.0,10.0,22.0,5.0,13.0,6.0,4.0
29,low,short,61,39,27.1,6.8,14.9,3.4,8.8,23.4,15.6
29,low,medium,71,29,31.5,7.9,17.3,4.0,10.2,17.4,11.6
29,low,long,76,24,33.7,8.4,18.5,4.3,10.9,14.4,9.6
29,moderate,short,71,29,31.5,7.9,17.3,4.0,10.2,17.4,11.6
29,moderate,medium,81,19,36.0,9.0,19.8,4.5,11.7,11.4,7.6
29,moderate,long,86,14,38.2,9.5,21.0,4.8,12.4,8.4,5.6
29,high,short,76,24,33.7,8.4,18.5,4.3,10.9,14.4,9.6
29,high,medium,86,14,38.2,9.5,21.0,4.8,12.4,8.4,5.6
29,high,long,90,10,40.0,10.0,22.0,5.0,13.0,6.0,4.0
30,low,short,60,40,26.6,6.7,14.6,3.4,8.6,24.0,16.0
30,low,medium,70,30,31.1,7.8,17.1,3.9,10.1,18.0,12.0
30,low,long,75,25,33.3,8.3,18.3,4.2,10.8,15.0,10.0
30,moderate,short,70,30,31.1,7.8,17.1,3.9,10.1,18.0,12.0
30,moderate,medium,80,20,35.5,8.9,19.5,4.5,11.5,12.0,8.0
30,moderate,long,85,15,37.7,9.4,20.7,4.8,12.2,9.0,6.0
30,high,short,75,25,33.3,8.3,18.3,4.2,10.8,15.0,10.0
30,high,medium,85,15,37.7,9.4,20.7,4.8,12.2,9.0,6.0
30,high,long,90,10,40.0,10.0,22.0,5.0,13.0,6.0,4.0
31,low,short,59,41,26.2,6.5,14.4,3.3,8.5,24.6,16.4
31,low,medium,69,31,30.6,7.7,16.8,3.9,9.9,18.6,12.4
31,low,long,74,26,32.9,8.2,18.1,4.1,10.7,15.6,10.4
31,moderate,short,69,31,30.6,7.7,16.8,3.9,9.9,18.6,12.4
31,moderate,medium,79,21,35.1,8.8,19.3,4.4,11.4,12.6,8.4
31,moderate,long,84,16,37.3,9.3,20.5,4.7,12.1,9.6,6.4
31,high,short,74,26,32.9,8.2,18.1,4.1,10.7,15.6,10.4
31,high,medium,84,16,37.3,9.3,20.5,4.7,12.1,9.6,6.4
31,high,long,89,11,39.5,9.9,21.7,5.0,12.8,6.6,4.4
32,low,short,58,42,25.8,6.4,14.2,3.2,8.4,25.2,16.8
32,low,medium,68,32,30.2,7.5,16.6,3.8,9.8,19.2,12.8
32,low,long,73,27,32.4,8.1,17.8,4.1,10.5,16.2,10.8
32,moderate,short,68,32,30.2,7.5,16.6,3.8,9.8,19.2,12.8
32,moderate,medium,78,22,34.6,8.7,19.0,4.4,11.2,13.2,8.8
32,moderate,long,83,17,36.9,9.2,20.3,4.6,12.0,10.2,6.8
32,high,short,73,27,32.4,8.1,17.8,4.1,10.5,16.2,10.8
32,high,medium,83,17,36.9,9.2,20.3,4.6,12.0,10.2,6.8
32,high,long,88,12,39.1,9.8,21.5,4.9,12.7,7.2,4.8
33,low,short,57,43,25.3,6.3,13.9,3.2,8.2,25.8,17.2
33,low,medium,67,33,29.7,7.4,16.3,3.8,9.6,19.8,13.2
33,low,long,72,28,32.0,8.0,17.6,4.0,10.4,16.8,11.2
33,moderate,short,67,33,29.7,7.4,16.3,3.8,9.6,19.8,13.2
33,moderate,medium,77,23,34.2,8.5,18.8,4.3,11.1,13.8,9.2
33,moderate,long,82,18,36.4,9.1,20.0,4.6,11.8,10.8,7.2
33,high,short,72,28,32.0,8.0,17.6,4.0,10.4,16.8,11.2
33,high,medium,82,18,36.4,9.1,20.0,4.6,11.8,10.8,7.2
33,high,long,87,13,38.6,9.7,21.2,4.9,12.5,7.8,5.2
34,low,short,56,44,24.9,6.2,13.7,3.1,8.1,26.4,17.6
34,low,medium,66,34,29.3,7.3,16.1,3.7,9.5,20.4,13.6
34,low,long,71,29,31.5,7.9,17.3,4.0,10.2,17.4,11.6
34,moderate,short,66,34,29.3,7.3,16.1,3.7,9.5,20.4,13.6
34,moderate,medium,76,24,33.7,8.4,18.5,4.3,10.9,14.4,9.6
34,moderate,long,81,19,36.0,9.0,19.8,4.5,11.7,11.4,7.6
34,high,short,71,29,31.5,7.9,17.3,4.0,10.2,17.4,11.6
34,high,medium,81,19,36.0,9.0,19.8,4.5,11.7,11.4,7.6
34,high,long,86,14,38.2,9.5,21.0,4.8,12.4,8.4,5.6
35,low,short,55,45,24.4,6.1,13.4,3.1,7.9,27.0,18.0
35,low,medium,65,35,28.9,7.2,15.9,3.6,9.4,21.0,14.0
35,low,long,70,30,31.1,7.8,17.1,3.9,10.1,18.0,12.0
35,moderate,short,65,35,28.9,7.2,15.9,3.6,9.4,21.0,14.0
35,moderate,medium,75,25,33.3,8.3,18.3,4.2,10.8,15.0,10.0
35,moderate,long,80,20,35.5,8.9,19.5,4.5,11.5,12.0,8.0
35,high,short,70,30,31.1,7.8,17.1,3.9,10.1,18.0,12.0
35,high,medium,80,20,35.5,8.9,19.5,4.5,11.5,12.0,8.0
35,high,long,85,15,37.7,9.4,20.7,4.8,12.2,9.0,6.0
36,low,short,54,46,24.0,6.0,13.2,3.0,7.8,27.6,18.4
36,low,medium,64,36,28.4,7.1,15.6,3.6,9.2,21.6,14.4
36,low,long,69,31,30.6,7.7,16.8,3.9,9.9,18.6,12.4
36,moderate,short,64,36,28.4,7.1,15.6,3.6,9.2,21.6,14.4
36,moderate,medium,74,26,32.9,8.2,18.1,4.1,10.7,15.6,10.4
36,moderate,long,79,21,35.1,8.8,19.3,4.4,11.4,12.6,8.4
36,high,short,69,31,30.6,7.7,16.8,3.9,9.9,18.6,12.4
36,high,medium,79,21,35.1,8.8,19.3,4.4,11.4,12.6,8.4
36,high,long,84,16,37.3,9.3,20.5,4.7,12.1,9.6,6.4
37,low,short,53,47,23.5,5.9,12.9,3.0,7.6,28.2,18.8
37,low,medium,63,37,28.0,7.0,15.4,3.5,9.1,22.2,14.8
37,low,long,68,32,30.2,7.5,16.6,3.8,9.8,19.2,12.8
37,moderate,short,63,37,28.0,7.0,15.4,3.5,9.1,22.2,14.8
37,moderate,medium,73,27,32.4,8.1,17.8,4.1,10.5,16.2,10.8
37,moderate,long,78,22,34.6,8.7,19.0,4.4,11.2,13.2,8.8
37,high,short,68,32,30.2,7.5,16.6,3.8,9.8,19.2,12.8
37,high,medium,78,22,34.6,8.7,19.0,4.4,11.2,13.2,8.8
37,high,long,83,17,36.9,9.2,20.3,4.6,12.0,10.2,6.8
38,low,short,52,48,23.1,5.8,12.7,2.9,7.5,28.8,19.2
38,low,medium,62,38,27.5,6.9,15.1,3.5,8.9,22.8,15.2
38,low,long,67,33,29.7,7.4,16.3,3.8,9.6,19.8,13.2
38,moderate,short,62,38,27.5,6.9,15.1,3.5,8.9,22.8,15.2
38,moderate,medium,72,28,32.0,8.0,17.6,4.0,10.4,16.8,11.2
38,moderate,long,77,23,34.2,8.5,18.8,4.3,11.1,13.8,9.2
38,high,short,67,33,29.7,7.4,16.3,3.8,9.6,19.8,13.2
38,high,medium,77,23,34.2,8.5,18.8,4.3,11.1,13.8,9.2
38,high,long,82,18,36.4,9.1,20.0,4.6,11.8,10.8,7.2
39,low,short,51,49,22.6,5.7,12.4,2.9,7.3,29.4,19.6
39,low,medium,61,39,27.1,6.8,14.9,3.4,8.8,23.4,15.6
39,low,long,66,34,29.3,7.3,16.1,3.7,9.5,20.4,13.6
39,moderate,short,61,39,27.1,6.8,14.9,3.4,8.8,23.4,15.6
39,moderate,medium,71,29,31.5,7.9,17.3,4.0,10.2,17.4,11.6
39,moderate,long,76,24,33.7,8.4,18.5,4.3,10.9,14.4,9.6
39,high,short,66,34,29.3,7.3,16.1,3.7,9.5,20.4,13.6
39,high,medium,76,24,33.7,8.4,18.5,4.3,10.9,14.4,9.6
39,high,long,81,19,36.0,9.0,19.8,4.5,11.7,11.4,7.6
40,low,short,50,50,22.2,5.5,12.2,2.8,7.2,30.0,20.0
40,low,medium,60,40,26.6,6.7,14.6,3.4,8.6,24.0,16.0
40,low,long,65,35,28.9,7.2,15.9,3.6,9.4,21.0,14.0
40,moderate,short,60,40,26.6,6.7,14.6,3.4,8.6,24.0,16.0
40,moderate,medium,70,30,31.1,7.8,17.1,3.9,10.1,18.0,12.0
40,moderate,long,75,25,33.3,8.3,18.3,4.2,10.8,15.0,10.0
40,high,short,65,35,28.9,7.2,15.9,3.6,9.4,21.0,14.0
40,high,medium,75,25,33.3,8.3,18.3,4.2,10.8,15.0,10.0
40,high,long,80,20,35.5,8.9,19.5,4.5,11.5,12.0,8.0
41,low,short,49,51,21.8,5.4,12.0,2.7,7.1,30.6,20.4
41,low,medium,59,41,26.2,6.5,14.4,3.3,8.5,24.6,16.4
41,low,long,64,36,28.4,7.1,15.6,3.6,9.2,21.6,14.4
41,moderate,short,59,41,26.2,6.5,14.4,3.3,8.5,24.6,16.4
41,moderate,medium,69,31,30.6,7.7,16.8,3.9,9.9,18.6,12.4
41,moderate,long,74,26,32.9,8.2,18.1,4.1,10.7,15.6,10.4
41,high,short,64,36,28.4,7.1,15.6,3.6,9.2,21.6,14.4
41,high,medium,74,26,32.9,8.2,18.1,4.1,10.7,15.6,10.4
41,high,long,79,21,35.1,8.8,19.3,4.4,11.4,12.6,8.4
42,low,short,48,52,21.3,5.3,11.7,2.7,6.9,31.2,20.8
42,low,medium,58,42,25.8,6.4,14.2,3.2,8.4,25.2,16.8
42,low,long,63,37,28.0,7.0,15.4,3.5,9.1,22.2,14.8
42,moderate,short,58,42,25.8,6.4,14.2,3.2,8.4,25.2,16.8
42,moderate,medium,68,32,30.2,7.5,16.6,3.8,9.8,19.2,12.8
42,moderate,long,73,27,32.4,8.1,17.8,4.1,10.5,16.2,10.8
42,high,short,63,37,28.0,7.0,15.4,3.5,9.1,22.2,14.8
42,high,medium,73,27,32.4,8.1,17.8,4.1,10.5,16.2,10.8
42,high,long,78,22,34.6,8.7,19.0,4.4,11.2,13.2,8.8
43,low,short,47,53,20.9,5.2,11.5,2.6,6.8,31.8,21.2
43,low,medium,57,43,25.3,6.3,13.9,3.2,8.2,25.8,17.2
43,low,long,62,38,27.5,6.9,15.1,3.5,8.9,22.8,15.2
43,moderate,short,57,43,25.3,6.3,13.9,3.2,8.2,25.8,17.2
43,moderate,medium,67,33,29.7,7.4,16.3,3.8,9.6,19.8,13.2
43,moderate,long,72,28,32.0,8.0,17.6,4.0,10.4,16.8,11.2
43,high,short,62,38,27.5,6.9,15.1,3.5,8.9,22.8,15.2
43,high,medium,72,28,32.0,8.0,17.6,4.0,10.4,16.8,11.2
43,high,long,77,23,34.2,8.5,18.8,4.3,11.1,13.8,9.2
44,low,short,46,54,20.4,5.1,11.2,2.6,6.6,32.4,21.6
44,low,medium,56,44,24.9,6.2,13.7,3.1,8.1,26.4,17.6
44,low,long,61,39,27.1,6.8,14.9,3.4,8.8,23.4,15.6
44,moderate,short,56,44,24.9,6.2,13.7,3.1,8.1,26.4,17.6
44,moderate,medium,66,34,29.3,7.3,16.1,3.7,9.5,20.4,13.6
44,moderate,long,71,29,31.5,7.9,17.3,4.0,10.2,17.4,11.6
44,high,short,61,39,27.1,6.8,14.9,3.4,8.8,23.4,15.6
44,high,medium,71,29,31.5,7.9,17.3,4.0,10.2,17.4,11.6
44,high,long,76,24,33.7,8.4,18.5,4.3,10.9,14.4,9.6
45,low,short,45,55,20.0,5.0,11.0,2.5,6.5,33.0,22.0
45,low,medium,55,45,24.4,6.1,13.4,3.1,7.9,27.0,18.0
45,low,long,60,40,26.6,6.7,14.6,3.4,8.6,24.0,16.0
45,moderate,short,55,45,24.4,6.1,13.4,3.1,7.9,27.0,18.0
45,moderate,medium,65,35,28.9,7.2,15.9,3.6,9.4,21.0,14.0
45,moderate,long,70,30,31.1,7.8,17.1,3.9,10.1,18.0,12.0
45,high,short,60,40,26.6,6.7,14.6,3.4,8.6,24.0,16.0
45,high,medium,70,30,31.1,7.8,17.1,3.9,10.1,18.0,12.0
45,high,long,75,25,33.3,8.3,18.3,4.2,10.8,15.0,10.0
46,low,short,44,56,19.5,4.9,10.7,2.5,6.3,33.6,22.4
46,low,medium,54,46,24.0,6.0,13.2,3.0,7.8,27.6,18.4
46,low,long,59,41,26.2,6.5,14.4,3.3,8.5,24.6,16.4
46,moderate,short,54,46,24.0,6.0,13.2,3.0,7.8,27.6,18.4
46,moderate,medium,64,36,28.4,7.1,15.6,3.6,9.2,21.6,14.4
46,moderate,long,69,31,30.6,7.7,16.8,3.9,9.9,18.6,12.4
46,high,short,59,41,26.2,6.5,14.4,3.3,8.5,24.6,16.4
46,high,medium,69,31,30.6,7.7,16.8,3.9,9.9,18.6,12.4
46,high,long,74,26,32.9,8.2,18.1,4.1,10.7,15.6,10.4
47,low,short,43,57,19.1,4.8,10.5,2.4,6.2,34.2,22.8
47,low,medium,53,47,23.5,5.9,12.9,3.0,7.6,28.2,18.8
47,low,long,58,42,25.8,6.4,14.2,3.2,8.4,25.2,16.8
47,moderate,short,53,47,23.5,5.9,12.9,3.0,7.6,28.2,18.8
47,moderate,medium,63,37,28.0,7.0,15.4,3.5,9.1,22.2,14.8
47,moderate,long,68,32,30.2,7.5,16.6,3.8,9.8,19.2,12.8
47,high,short,58,42,25.8,6.4,14.2,3.2,8.4,25.2,16.8
47,high,medium,68,32,30.2,7.5,16.6,3.8,9.8,19.2,12.8
47,high,long,73,27,32.4,8.1,17.8,4.1,10.5,16.2,10.8
48,low,short,42,58,18.6,4.7,10.2,2.4,6.0,34.8,23.2
48,low,medium,52,48,23.1,5.8,12.7,2.9,7.5,28.8,19.2
48,low,long,57,43,25.3,6.3,13.9,3.2,8.2,25.8,17.2
48,moderate,short,52,48,23.1,5.8,12.7,2.9,7.5,28.8,19.2
48,moderate,medium,62,38,27.5,6.9,15.1,3.5,8.9,22.8,15.2
48,moderate,long,67,33,29.7,7.4,16.3,3.8,9.6,19.8,13.2
48,high,short,57,43,25.3,6.3,13.9,3.2,8.2,25.8,17.2
48,high,medium,67,33,29.7,7.4,16.3,3.8,9.6,19.8,13.2
48,high,long,72,28,32.0,8.0,17.6,4.0,10.4,16.8,11.2
49,low,short,41,59,18.2,4.6,10.0,2.3,5.9,35.4,23.6
49,low,medium,51,49,22.6,5.7,12.4,2.9,7.3,29.4,19.6
49,low,long,56,44,24.9,6.2,13.7,3.1,8.1,26.4,17.6
49,moderate,short,51,49,22.6,5.7,12.4,2.9,7.3,29.4,19.6
49,moderate,medium,61,39,27.1,6.8,14.9,3.4,8.8,23.4,15.6
49,moderate,long,66,34,29.3,7.3,16.1,3.7,9.5,20.4,13.6
49,high,short,56,44,24.9,6.2,13.7,3.1,8.1,26.4,17.6
49,high,medium,66,34,29.3,7.3,16.1,3.7,9.5,20.4,13.6
49,high,long,71,29,31.5,7.9,17.3,4.0,10.2,17.4,11.6
50,low,short,40,60,17.8,4.4,9.8,2.2,5.8,36.0,24.0
50,low,medium,50,50,22.2,5.5,12.2,2.8,7.2,30.0,20.0
50,low,long,55,45,24.4,6.1,13.4,3.1,7.9,27.0,18.0
50,moderate,short,50,50,22.2,5.5,12.2,2.8,7.2,30.0,20.0
50,moderate,medium,60,40,26.6,6.7,14.6,3.4,8.6,24.0,16.0
50,moderate,long,65,35,28.9,7.2,15.9,3.6,9.4,21.0,14.0
50,high,short,55,45,24.4,6.1,13.4,3.1,7.9,27.0,18.0
50,high,medium,65,35,28.9,7.2,15.9,3.6,9.4,21.0,14.0
50,high,long,70,30,31.1,7.8,17.1,3.9,10.1,18.0,12.0
51,low,short,39,61,17.3,4.3,9.5,2.2,5.6,36.6,24.4
51,low,medium,49,51,21.8,5.4,12.0,2.7,7.1,30.6,20.4
51,low,long,54,46,24.0,6.0,13.2,3.0,7.8,27.6,18.4
51,moderate,short,49,51,21.8,5.4,12.0,2.7,7.1,30.6,20.4
51,moderate,medium,59,41,26.2,6.5,14.4,3.3,8.5,24.6,16.4
51,moderate,long,64,36,28.4,7.1,15.6,3.6,9.2,21.6,14.4
51,high,short,54,46,24.0,6.0,13.2,3.0,7.8,27.6,18.4
51,high,medium,64,36,28.4,7.1,15.6,3.6,9.2,21.6,14.4
51,high,long,69,31,30.6,7.7,16.8,3.9,9.9,18.6,12.4
52,low,short,38,62,16.9,4.2,9.3,2.1,5.5,37.2,24.8
52,low,medium,48,52,21.3,5.3,11.7,2.7,6.9,31.2,20.8
52,low,long,53,47,23.5,5.9,12.9,3.0,7.6,28.2,18.8
52,moderate,short,48,52,21.3,5.3,11.7,2.7,6.9,31.2,20.8
52,moderate,medium,58,42,25.8,6.4,14.2,3.2,8.4,25.2,16.8
52,moderate,long,63,37,28.0,7.0,15.4,3.5,9.1,22.2,14.8
52,high,short,53,47,23.5,5.9,12.9,3.0,7.6,28.2,18.8
52,high,medium,63,37,28.0,7.0,15.4,3.5,9.1,22.2,14.8
52,high,long,68,32,30.2,7.5,16.6,3.8,9.8,19.2,12.8
53,low,short,37,63,16.4,4.1,9.0,2.1,5.3,37.8,25.2
53,low,medium,47,53,20.9,5.2,11.5,2.6,6.8,31.8,21.2
53,low,long,52,48,23.1,5.8,12.7,2.9,7.5,28.8,19.2
53,moderate,short,47,53,20.9,5.2,11.5,2.6,6.8,31.8,21.2
53,moderate,medium,57,43,25.3,6.3,13.9,3.2,8.2,25.8,17.2
53,moderate,long,62,38,27.5,6.9,15.1,3.5,8.9,22.8,15.2
53,high,short,52,48,23.1,5.8,12.7,2.9,7.5,28.8,19.2
53,high,medium,62,38,27.5,6.9,15.1,3.5,8.9,22.8,15.2
53,high,long,67,33,29.7,7.4,16.3,3.8,9.6,19.8,13.2
54,low,short,36,64,16.0,4.0,8.8,2.0,5.2,38.4,25.6
54,low,medium,46,54,20.4,5.1,11.2,2.6,6.6,32.4,21.6
54,low,long,51,49,22.6,5.7,12.4,2.9,7.3,29.4,19.6
54,moderate,short,46,54,20.4,5.1,11.2,2.6,6.6,32.4,21.6
54,moderate,medium,56,44,24.9,6.2,13.7,3.1,8.1,26.4,17.6
54,moderate,long,61,39,27.1,6.8,14.9,3.4,8.8,23.4,15.6
54,high,short,51,49,22.6,5.7,12.4,2.9,7.3,29.4,19.6
54,high,medium,61,39,27.1,6.8,14.9,3.4,8.8,23.4,15.6
54,high,long,66,34,29.3,7.3,16.1,3.7,9.5,20.4,13.6
55,low,short,35,65,15.5,3.9,8.5,2.0,5.0,39.0,26.0
55,low,medium,45,55,20.0,5.0,11.0,2.5,6.5,33.0,22.0
55,low,long,50,50,22.2,5.5,12.2,2.8,7.2,30.0,20.0
55,moderate,short,45,55,20.0,5.0,11.0,2.5,6.5,33.0,22.0
55,moderate,medium,55,45,24.4,6.1,13.4,3.1,7.9,27.0,18.0
55,moderate,long,60,40,26.6,6.7,14.6,3.4,8.6,24.0,16.0
55,high,short,50,50,22.2,5.5,12.2,2.8,7.2,30.0,20.0
55,high,medium,60,40,26.6,6.7,14.6,3.4,8.6,24.0,16.0
55,high,long,65,35,28.9,7.2,15.9,3.6,9.4,21.0,14.0
56,low,short,34,66,15.1,3.8,8.3,1.9,4.9,39.6,26.4
56,low,medium,44,56,19.5,4.9,10.7,2.5,6.3,33.6,22.4
56,low,long,49,51,21.8,5.4,12.0,2.7,7.1,30.6,20.4
56,moderate,short,44,56,19.5,4.9,10.7,2.5,6.3,33.6,22.4
56,moderate,medium,54,46,24.0,6.0,13.2,3.0,7.8,27.6,18.4
56,moderate,long,59,41,26.2,6.5,14.4,3.3,8.5,24.6,16.4
56,high,short,49,51,21.8,5.4,12.0,2.7,7.1,30.6,20.4
56,high,medium,59,41,26.2,6.5,14.4,3.3,8.5,24.6,16.4
56,high,long,64,36,28.4,7.1,15.6,3.6,9.2,21.6,14.4
57,low,short,33,67,14.7,3.7,8.1,1.8,4.8,40.2,26.8
57,low,medium,43,57,19.1,4.8,10.5,2.4,6.2,34.2,22.8
57,low,long,48,52,21.3,5.3,11.7,2.7,6.9,31.2,20.8
57,moderate,short,43,57,19.1,4.8,10.5,2.4,6.2,34.2,22.8
57,moderate,medium,53,47,23.5,5.9,12.9,3.0,7.6,28.2,18.8
57,moderate,long,58,42,25.8,6.4,14.2,3.2,8.4,25.2,16.8
57,high,short,48,52,21.3,5.3,11.7,2.7,6.9,31.2,20.8
57,high,medium,58,42,25.8,6.4,14.2,3.2,8.4,25.2,16.8
57,high,long,63,37,28.0,7.0,15.4,3.5,9.1,22.2,14.8
58,low,short,32,68,14.2,3.6,7.8,1.8,4.6,40.8,27.2
58,low,medium,42,58,18.6,4.7,10.2,2.4,6.0,34.8,23.2
58,low,long,47,53,20.9,5.2,11.5,2.6,6.8,31.8,21.2
58,moderate,short,42,58,18.6,4.7,10.2,2.4,6.0,34.8,23.2
58,moderate,medium,52,48,23.1,5.8,12.7,2.9,7.5,28.8,19.2
58,moderate,long,57,43,25.3,6.3,13.9,3.2,8.2,25.8,17.2
58,high,short,47,53,20.9,5.2,11.5,2.6,6.8,31.8,21.2
58,high,medium,57,43,25.3,6.3,13.9,3.2,8.2,25.8,17.2
58,high,long,62,38,27.5,6.9,15.1,3.5,8.9,22.8,15.2
59,low,short,31,69,13.8,3.4,7.6,1.7,4.5,41.4,27.6
59,low,medium,41,59,18.2,4.6,10.0,2.3,5.9,35.4,23.6
59,low,long,46,54,20.4,5.1,11.2,2.6,6.6,32.4,21.6
59,moderate,short,41,59,18.2,4.6,10.0,2.3,5.9,35.4,23.6
59,moderate,medium,51,49,22.6,5.7,12.4,2.9,7.3,29.4,19.6
59,moderate,long,56,44,24.9,6.2,13.7,3.1,8.1,26.4,17.6
59,high,short,46,54,20.4,5.1,11.2,2.6,6.6,32.4,21.6
59,high,medium,56,44,24.9,6.2,13.7,3.1,8.1,26.4,17.6
59,high,long,61,39,27.1,6.8,14.9,3.4,8.8,23.4,15.6
60,low,short,30,70,13.3,3.3,7.3,1.7,4.3,42.0,28.0
60,low,medium,40,60,17.8,4.4,9.8,2.2,5.8,36.0,24.0
60,low,long,45,55,20.0,5.0,11.0,2.5,6.5,33.0,22.0
60,moderate,short,40,60,17.8,4.4,9.8,2.2,5.8,36.0,24.0
60,moderate,medium,50,50,22.2,5.5,12.2,2.8,7.2,30.0,20.0
60,moderate,long,55,45,24.4,6.1,13.4,3.1,7.9,27.0,18.0
60,high,short,45,55,20.0,5.0,11.0,2.5,6.5,33.0,22.0
60,high,medium,55,45,24.4,6.1,13.4,3.1,7.9,27.0,18.0
60,high,long,60,40,26.6,6.7,14.6,3.4,8.6,24.0,16.0
61,low,short,29,71,12.9,3.2,7.1,1.6,4.2,42.6,28.4
61,low,medium,39,61,17.3,4.3,9.5,2.2,5.6,36.6,24.4
61,low,long,44,56,19.5,4.9,10.7,2.5,6.3,33.6,22.4
61,moderate,short,39,61,17.3,4.3,9.5,2.2,5.6,36.6,24.4
61,moderate,medium,49,51,21.8,5.4,12.0,2.7,7.1,30.6,20.4
61,moderate,long,54,46,24.0,6.0,13.2,3.0,7.8,27.6,18.4
61,high,short,44,56,19.5,4.9,10.7,2.5,6.3,33.6,22.4
61,high,medium,54,46,24.0,6.0,13.2,3.0,7.8,27.6,18.4
61,high,long,59,41,26.2,6.5,14.4,3.3,8.5,24.6,16.4
62,low,short,28,72,12.4,3.1,6.8,1.6,4.0,43.2,28.8
62,low,medium,38,62,16.9,4.2,9.3,2.1,5.5,37.2,24.8
62,low,long,43,57,19.1,4.8,10.5,2.4,6.2,34.2,22.8
62,moderate,short,38,62,16.9,4.2,9.3,2.1,5.5,37.2,24.8
62,moderate,medium,48,52,21.3,5.3,11.7,2.7,6.9,31.2,20.8
62,moderate,long,53,47,23.5,5.9,12.9,3.0,7.6,28.2,18.8
62,high,short,43,57,19.1,4.8,10.5,2.4,6.2,34.2,22.8
62,high,medium,53,47,23.5,5.9,12.9,3.0,7.6,28.2,18.8
62,high,long,58,42,25.8,6.4,14.2,3.2,8.4,25.2,16.8
63,low,short,27,73,12.0,3.0,6.6,1.5,3.9,43.8,29.2
63,low,medium,37,63,16.4,4.1,9.0,2.1,5.3,37.8,25.2
63,low,long,42,58,18.6,4.7,10.2,2.4,6.0,34.8,23.2
63,moderate,short,37,63,16.4,4.1,9.0,2.1,5.3,37.8,25.2
63,moderate,medium,47,53,20.9,5.2,11.5,2.6,6.8,31.8,21.2
63,moderate,long,52,48,23.1,5.8,12.7,2.9,7.5,28.8,19.2
63,high,short,42,58,18.6,4.7,10.2,2.4,6.0,34.8,23.2
63,high,medium,52,48,23.1,5.8,12.7,2.9,7.5,28.8,19.2
63,high,long,57,43,25.3,6.3,13.9,3.2,8.2,25.8,17.2
64,low,short,26,74,11.5,2.9,6.3,1.5,3.7,44.4,29.6
64,low,medium,36,64,16.0,4.0,8.8,2.0,5.2,38.4,25.6
64,low,long,41,59,18.2,4.6,10.0,2.3,5.9,35.4,23.6
64,moderate,short,36,64,16.0,4.0,8.8,2.0,5.2,38.4,25.6
64,moderate,medium,46,54,20.4,5.1,11.2,2.6,6.6,32.4,21.6
64,moderate,long,51,49,22.6,5.7,12.4,2.9,7.3,29.4,19.6
64,high,short,41,59,18.2,4.6,10.0,2.3,5.9,35.4,23.6
64,high,medium,51,49,22.6,5.7,12.4,2.9,7.3,29.4,19.6
64,high,long,56,44,24.9,6.2,13.7,3.1,8.1,26.4,17.6
65,low,short,25,75,11.1,2.8,6.1,1.4,3.6,45.0,30.0
65,low,medium,35,65,15.5,3.9,8.5,2.0,5.0,39.0,26.0
65,low,long,40,60,17.8,4.4,9.8,2.2,5.8,36.0,24.0
65,moderate,short,35,65,15.5,3.9,8.5,2.0,5.0,39.0,26.0
65,moderate,medium,45,55,20.0,5.0,11.0,2.5,6.5,33.0,22.0
65,moderate,long,50,50,22.2,5.5,12.2,2.8,7.2,30.0,20.0
65,high,short,40,60,17.8,4.4,9.8,2.2,5.8,36.0,24.0
65,high,medium,50,50,22.2,5.5,12.2,2.8,7.2,30.0,20.0
65,high,long,55,45,24.4,6.1,13.4,3.1,7.9,27.0,18.0
66,low,short,24,76,10.7,2.7,5.9,1.3,3.5,45.6,30.4
66,low,medium,34,66,15.1,3.8,8.3,1.9,4.9,39.6,26.4
66,low,long,39,61,17.3,4.3,9.5,2.2,5.6,36.6,24.4
66,moderate,short,34,66,15.1,3.8,8.3,1.9,4.9,39.6,26.4
66,moderate,medium,44,56,19.5,4.9,10.7,2.5,6.3,33.6,22.4
66,moderate,long,49,51,21.8,5.4,12.0,2.7,7.1,30.6,20.4
66,high,short,39,61,17.3,4.3,9.5,2.2,5.6,36.6,24.4
66,high,medium,49,51,21.8,5.4,12.0,2.7,7.1,30.6,20.4
66,high,long,54,46,24.0,6.0,13.2,3.0,7.8,27.6,18.4
67,low,short,23,77,10.2,2.6,5.6,1.3,3.3,46.2,30.8
67,low,medium,33,67,14.7,3.7,8.1,1.8,4.8,40.2,26.8
67,low,long,38,62,16.9,4.2,9.3,2.1,5.5,37.2,24.8
67,moderate,short,33,67,14.7,3.7,8.1,1.8,4.8,40.2,26.8
67,moderate,medium,43,57,19.1,4.8,10.5,2.4,6.2,34.2,22.8
67,moderate,long,48,52,21.3,5.3,11.7,2.7,6.9,31.2,20.8
67,high,short,38,62,16.9,4.2,9.3,2.1,5.5,37.2,24.8
67,high,medium,48,52,21.3,5.3,11.7,2.7,6.9,31.2,20.8
67,high,long,53,47,23.5,5.9,12.9,3.0,7.6,28.2,18.8
68,low,short,22,78,9.8,2.4,5.4,1.2,3.2,46.8,31.2
68,low,medium,32,68,14.2,3.6,7.8,1.8,4.6,40.8,27.2
68,low,long,37,63,16.4,4.1,9.0,2.1,5.3,37.8,25.2
68,moderate,short,32,68,14.2,3.6,7.8,1.8,4.6,40.8,27.2
68,moderate,medium,42,58,18.6,4.7,10.2,2.4,6.0,34.8,23.2
68,moderate,long,47,53,20.9,5.2,11.5,2.6,6.8,31.8,21.2
68,high,short,37,63,16.4,4.1,9.0,2.1,5.3,37.8,25.2
68,high,medium,47,53,20.9,5.2,11.5,2.6,6.8,31.8,21.2
68,high,long,52,48,23.1,5.8,12.7,2.9,7.5,28.8,19.2
69,low,short,21,79,9.3,2.3,5.1,1.2,3.0,47.4,31.6
69,low,medium,31,69,13.8,3.4,7.6,1.7,4.5,41.4,27.6
69,low,long,36,64,16.0,4.0,8.8,2.0,5.2,38.4,25.6
69,moderate,short,31,69,13.8,3.4,7.6,1.7,4.5,41.4,27.6
69,moderate,medium,41,59,18.2,4.6,10.0,2.3,5.9,35.4,23.6
69,moderate,long,46,54,20.4,5.1,11.2,2.6,6.6,32.4,21.6
69,high,short,36,64,16.0,4.0,8.8,2.0,5.2,38.4,25.6
69,high,medium,46,54,20.4,5.1,11.2,2.6,6.6,32.4,21.6
69,high,long,51,49,22.6,5.7,12.4,2.9,7.3,29.4,19.6
70,low,short,20,80,8.9,2.2,4.9,1.1,2.9,48.0,32.0
70,low,medium,30,70,13.3,3.3,7.3,1.7,4.3,42.0,28.0
70,low,long,35,65,15.5,3.9,8.5,2.0,5.0,39.0,26.0
70,moderate,short,30,70,13.3,3.3,7.3,1.7,4.3,42.0,28.0
70,moderate,medium,40,60,17.8,4.4,9.8,2.2,5.8,36.0,24.0
70,moderate,long,45,55,20.0,5.0,11.0,2.5,6.5,33.0,22.0
70,high,short,35,65,15.5,3.9,8.5,2.0,5.0,39.0,26.0
70,high,medium,45,55,20.0,5.0,11.0,2.5,6.5,33.0,22.0
70,high,long,50,50,22.2,5.5,12.2,2.8,7.2,30.0,20.0
71,low,short,19,81,8.4,2.1,4.6,1.1,2.7,48.6,32.4
71,low,medium,29,71,12.9,3.2,7.1,1.6,4.2,42.6,28.4
71,low,long,34,66,15.1,3.8,8.3,1.9,4.9,39.6,26.4
71,moderate,short,29,71,12.9,3.2,7.1,1.6,4.2,42.6,28.4
71,moderate,medium,39,61,17.3,4.3,9.5,2.2,5.6,36.6,24.4
71,moderate,long,44,56,19.5,4.9,10.7,2.5,6.3,33.6,22.4
71,high,short,34,66,15.1,3.8,8.3,1.9,4.9,39.6,26.4
71,high,medium,44,56,19.5,4.9,10.7,2.5,6.3,33.6,22.4
71,high,long,49,51,21.8,5.4,12.0,2.7,7.1,30.6,20.4
72,low,short,18,82,8.0,2.0,4.4,1.0,2.6,49.2,32.8
72,low,medium,28,72,12.4,3.1,6.8,1.6,4.0,43.2,28.8
72,low,long,33,67,14.7,3.7,8.1,1.8,4.8,40.2,26.8
72,moderate,short,28,72,12.4,3.1,6.8,1.6,4.0,43.2,28.8
72,moderate,medium,38,62,16.9,4.2,9.3,2.1,5.5,37.2,24.8
72,moderate,long,43,57,19.1,4.8,10.5,2.4,6.2,34.2,22.8
72,high,short,33,67,14.7,3.7,8.1,1.8,4.8,40.2,26.8
72,high,medium,43,57,19.1,4.8,10.5,2.4,6.2,34.2,22.8
72,high,long,48,52,21.3,5.3,11.7,2.7,6.9,31.2,20.8
73,low,short,17,83,7.5,1.9,4.1,1.0,2.4,49.8,33.2
73,low,medium,27,73,12.0,3.0,6.6,1.5,3.9,43.8,29.2
73,low,long,32,68,14.2,3.6,7.8,1.8,4.6,40.8,27.2
73,moderate,short,27,73,12.0,3.0,6.6,1.5,3.9,43.8,29.2
73,moderate,medium,37,63,16.4,4.1,9.0,2.1,5.3,37.8,25.2
73,moderate,long,42,58,18.6,4.7,10.2,2.4,6.0,34.8,23.2
73,high,short,32,68,14.2,3.6,7.8,1.8,4.6,40.8,27.2
73,high,medium,42,58,18.6,4.7,10.2,2.4,6.0,34.8,23.2
73,high,long,47,53,20.9,5.2,11.5,2.6,6.8,31.8,21.2
74,low,short,16,84,7.1,1.8,3.9,0.9,2.3,50.4,33.6
74,low,medium,26,74,11.5,2.9,6.3,1.5,3.7,44.4,29.6
74,low,long,31,69,13.8,3.4,7.6,1.7,4.5,41.4,27.6
74,moderate,short,26,74,11.5,2.9,6.3,1.5,3.7,44.4,29.6
74,moderate,medium,36,64,16.0,4.0,8.8,2.0,5.2,38.4,25.6
74,moderate,long,41,59,18.2,4.6,10.0,2.3,5.9,35.4,23.6
74,high,short,31,69,13.8,3.4,7.6,1.7,4.5,41.4,27.6
74,high,medium,41,59,18.2,4.6,10.0,2.3,5.9,35.4,23.6
74,high,long,46,54,20.4,5.1,11.2,2.6,6.6,32.4,21.6
75,low,short,15,85,6.7,1.7,3.7,0.8,2.2,51.0,34.0
75,low,medium,25,75,11.1,2.8,6.1,1.4,3.6,45.0,30.0
75,low,long,30,70,13.3,3.3,7.3,1.7,4.3,42.0,28.0
75,moderate,short,25,75,11.1,2.8,6.1,1.4,3.6,45.0,30.0
75,moderate,medium,35,65,15.5,3.9,8.5,2.0,5.0,39.0,26.0
75,moderate,long,40,60,17.8,4.4,9.8,2.2,5.8,36.0,24.0
75,high,short,30,70,13.3,3.3,7.3,1.7,4.3,42.0,28.0
75,high,medium,40,60,17.8,4.4,9.8,2.2,5.8,36.0,24.0
75,high,long,45,55,20.0,5.0,11.0,2.5,6.5,33.0,22.0
76,low,short,14,86,6.2,1.6,3.4,0.8,2.0,51.6,34.4
76,low,medium,24,76,10.7,2.7,5.9,1.3,3.5,45.6,30.4
76,low,long,29,71,12.9,3.2,7.1,1.6,4.2,42.6,28.4
76,moderate,short,24,76,10.7,2.7,5.9,1.3,3.5,45.6,30.4
76,moderate,medium,34,66,15.1,3.8,8.3,1.9,4.9,39.6,26.4
76,moderate,long,39,61,17.3,4.3,9.5,2.2,5.6,36.6,24.4
76,high,short,29,71,12.9,3.2,7.1,1.6,4.2,42.6,28.4
76,high,medium,39,61,17.3,4.3,9.5,2.2,5.6,36.6,24.4
76,high,long,44,56,19.5,4.9,10.7,2.5,6.3,33.6,22.4
77,low,short,13,87,5.8,1.4,3.2,0.7,1.9,52.2,34.8
77,low,medium,23,77,10.2,2.6,5.6,1.3,3.3,46.2,30.8
77,low,long,28,72,12.4,3.1,6.8,1.6,4.0,43.2,28.8
77,moderate,short,23,77,10.2,2.6,5.6,1.3,3.3,46.2,30.8
77,moderate,medium,33,67,14.7,3.7,8.1,1.8,4.8,40.2,26.8
77,moderate,long,38,62,16.9,4.2,9.3,2.1,5.5,37.2,24.8
77,high,short,28,72,12.4,3.1,6.8,1.6,4.0,43.2,28.8
77,high,medium,38,62,16.9,4.2,9.3,2.1,5.5,37.2,24.8
77,high,long,43,57,19.1,4.8,10.5,2.4,6.2,34.2,22.8
78,low,short,12,88,5.3,1.3,2.9,0.7,1.7,52.8,35.2
78,low,medium,22,78,9.8,2.4,5.4,1.2,3.2,46.8,31.2
78,low,long,27,73,12.0,3.0,6.6,1.5,3.9,43.8,29.2
78,moderate,short,22,78,9.8,2.4,5.4,1.2,3.2,46.8,31.2
78,moderate,medium,32,68,14.2,3.6,7.8,1.8,4.6,40.8,27.2
78,moderate,long,37,63,16.4,4.1,9.0,2.1,5.3,37.8,25.2
78,high,short,27,73,12.0,3.0,6.6,1.5,3.9,43.8,29.2
78,high,medium,37,63,16.4,4.1,9.0,2.1,5.3,37.8,25.2
78,high,long,42,58,18.6,4.7,10.2,2.4,6.0,34.8,23.2
79,low,short,11,89,4.9,1.2,2.7,0.6,1.6,53.4,35.6
79,low,medium,21,79,9.3,2.3,5.1,1.2,3.0,47.4,31.6
79,low,long,26,74,11.5,2.9,6.3,1.5,3.7,44.4,29.6
79,moderate,short,21,79,9.3,2.3,5.1,1.2,3.0,47.4,31.6
79,moderate,medium,31,69,13.8,3.4,7.6,1.7,4.5,41.4,27.6
79,moderate,long,36,64,16.0,4.0,8.8,2.0,5.2,38.4,25.6
79,high,short,26,74,11.5,2.9,6.3,1.5,3.7,44.4,29.6
79,high,medium,36,64,16.0,4.0,8.8,2.0,5.2,38.4,25.6
79,high,long,41,59,18.2,4.6,10.0,2.3,5.9,35.4,23.6
80,low,short,10,90,4.4,1.1,2.4,0.6,1.4,54.0,36.0
80,low,medium,20,80,8.9,2.2,4.9,1.1,2.9,48.0,32.0
80,low,long,25,75,11.1,2.8,6.1,1.4,3.6,45.0,30.0
80,moderate,short,20,80,8.9,2.2,4.9,1.1,2.9,48.0,32.0
80,moderate,medium,30,70,13.3,3.3,7.3,1.7,4.3,42.0,28.0
80,moderate,long,35,65,15.5,3.9,8.5,2.0,5.0,39.0,26.0
80,high,short,25,75,11.1,2.8,6.1,1.4,3.6,45.0,30.0
80,high,medium,35,65,15.5,3.9,8.5,2.0,5.0,39.0,26.0
80,high,long,40,60,17.8,4.4,9.8,2.2,5.8,36.0,24.0
81,low,short,9,91,4.0,1.0,2.2,0.5,1.3,54.6,36.4
81,low,medium,19,81,8.4,2.1,4.6,1.1,2.7,48.6,32.4
81,low,long,24,76,10.7,2.7,5.9,1.3,3.5,45.6,30.4
81,moderate,short,19,81,8.4,2.1,4.6,1.1,2.7,48.6,32.4
81,moderate,medium,29,71,12.9,3.2,7.1,1.6,4.2,42.6,28.4
81,moderate,long,34,66,15.1,3.8,8.3,1.9,4.9,39.6,26.4
81,high,short,24,76,10.7,2.7,5.9,1.3,3.5,45.6,30.4
81,high,medium,34,66,15.1,3.8,8.3,1.9,4.9,39.6,26.4
81,high,long,39,61,17.3,4.3,9.5,2.2,5.6,36.6,24.4
82,low,short,8,92,3.6,0.9,2.0,0.4,1.2,55.2,36.8
82,low,medium,18,82,8.0,2.0,4.4,1.0,2.6,49.2,32.8
82,low,long,23,77,10.2,2.6,5.6,1.3,3.3,46.2,30.8
82,moderate,short,18,82,8.0,2.0,4.4,1.0,2.6,49.2,32.8
82,moderate,medium,28,72,12.4,3.1,6.8,1.6,4.0,43.2,28.8
82,moderate,long,33,67,14.7,3.7,8.1,1.8,4.8,40.2,26.8
82,high,short,23,77,10.2,2.6,5.6,1.3,3.3,46.2,30.8
82,high,medium,33,67,14.7,3.7,8.1,1.8,4.8,40.2,26.8
82,high,long,38,62,16.9,4.2,9.3,2.1,5.5,37.2,24.8
83,low,short,7,93,3.1,0.8,1.7,0.4,1.0,55.8,37.2
83,low,medium,17,83,7.5,1.9,4.1,1.0,2.4,49.8,33.2
83,low,long,22,78,9.8,2.4,5.4,1.2,3.2,46.8,31.2
83,moderate,short,17,83,7.5,1.9,4.1,1.0,2.4,49.8,33.2
83,moderate,medium,27,73,12.0,3.0,6.6,1.5,3.9,43.8,29.2
83,moderate,long,32,68,14.2,3.6,7.8,1.8,4.6,40.8,27.2
83,high,short,22,78,9.8,2.4,5.4,1.2,3.2,46.8,31.2
83,high,medium,32,68,14.2,3.6,7.8,1.8,4.6,40.8,27.2
83,high,long,37,63,16.4,4.1,9.0,2.1,5.3,37.8,25.2
84,low,short,6,94,2.7,0.7,1.5,0.3,0.9,56.4,37.6
84,low,medium,16,84,7.1,1.8,3.9,0.9,2.3,50.4,33.6
84,low,long,21,79,9.3,2.3,5.1,1.2,3.0,47.4,31.6
84,moderate,short,16,84,7.1,1.8,3.9,0.9,2.3,50.4,33.6
84,moderate,medium,26,74,11.5,2.9,6.3,1.5,3.7,44.4,29.6
84,moderate,long,31,69,13.8,3.4,7.6,1.7,4.5,41.4,27.6
84,high,short,21,79,9.3,2.3,5.1,1.2,3.0,47.4,31.6
84,high,medium,31,69,13.8,3.4,7.6,1.7,4.5,41.4,27.6
84,high,long,36,64,16.0,4.0,8.8,2.0,5.2,38.4,25.6
85,low,short,5,95,2.2,0.6,1.2,0.3,0.7,57.0,38.0
85,low,medium,15,85,6.7,1.7,3.7,0.8,2.2,51.0,34.0
85,low,long,20,80,8.9,2.2,4.9,1.1,2.9,48.0,32.0
85,moderate,short,15,85,6.7,1.7,3.7,0.8,2.2,51.0,34.0
85,moderate,medium,25,75,11.1,2.8,6.1,1.4,3.6,45.0,30.0
85,moderate,long,30,70,13.3,3.3,7.3,1.7,4.3,42.0,28.0
85,high,short,20,80,8.9,2.2,4.9,1.1,2.9,48.0,32.0
85,high,medium,30,70,13.3,3.3,7.3,1.7,4.3,42.0,28.0
85,high,long,35,65,15.5,3.9,8.5,2.0,5.0,39.0,26.0
86,low,short,5,95,2.2,0.6,1.2,0.3,0.7,57.0,38.0
86,low,medium,14,86,6.2,1.6,3.4,0.8,2.0,51.6,34.4
86,low,long,19,81,8.4,2.1,4.6,1.1,2.7,48.6,32.4
86,moderate,short,14,86,6.2,1.6,3.4,0.8,2.0,51.6,34.4
86,moderate,medium,24,76,10.7,2.7,5.9,1.3,3.5,45.6,30.4
86,moderate,long,29,71,12.9,3.2,7.1,1.6,4.2,42.6,28.4
86,high,short,19,81,8.4,2.1,4.6,1.1,2.7,48.6,32.4
86,high,medium,29,71,12.9,3.2,7.1,1.6,4.2,42.6,28.4
86,high,long,34,66,15.1,3.8,8.3,1.9,4.9,39.6,26.4
87,low,short,5,95,2.2,0.6,1.2,0.3,0.7,57.0,38.0
87,low,medium,13,87,5.8,1.4,3.2,0.7,1.9,52.2,34.8
87,low,long,18,82,8.0,2.0,4.4,1.0,2.6,49.2,32.8
87,moderate,short,13,87,5.8,1.4,3.2,0.7,1.9,52.2,34.8
87,moderate,medium,23,77,10.2,2.6,5.6,1.3,3.3,46.2,30.8
87,moderate,long,28,72,12.4,3.1,6.8,1.6,4.0,43.2,28.8
87,high,short,18,82,8.0,2.0,4.4,1.0,2.6,49.2,32.8
87,high,medium,28,72,12.4,3.1,6.8,1.6,4.0,43.2,28.8
87,high,long,33,67,14.7,3.7,8.1,1.8,4.8,40.2,26.8
88,low,short,5,95,2.2,0.6,1.2,0.3,0.7,57.0,38.0
88,low,medium,12,88,5.3,1.3,2.9,0.7,1.7,52.8,35.2
88,low,long,17,83,7.5,1.9,4.1,1.0,2.4,49.8,33.2
88,moderate,short,12,88,5.3,1.3,2.9,0.7,1.7,52.8,35.2
88,moderate,medium,22,78,9.8,2.4,5.4,1.2,3.2,46.8,31.2
88,moderate,long,27,73,12.0,3.0,6.6,1.5,3.9,43.8,29.2
88,high,short,17,83,7.5,1.9,4.1,1.0,2.4,49.8,33.2
88,high,medium,27,73,12.0,3.0,6.6,1.5,3.9,43.8,29.2
88,high,long,32,68,14.2,3.6,7.8,1.8,4.6,40.8,27.2
89,low,short,5,95,2.2,0.6,1.2,0.3,0.7,57.0,38.0
89,low,medium,11,89,4.9,1.2,2.7,0.6,1.6,53.4,35.6
89,low,long,16,84,7.1,1.8,3.9,0.9,2.3,50.4,33.6
89,moderate,short,11,89,4.9,1.2,2.7,0.6,1.6,53.4,35.6
89,moderate,medium,21,79,9.3,2.3,5.1,1.2,3.0,47.4,31.6
89,moderate,long,26,74,11.5,2.9,6.3,1.5,3.7,44.4,29.6
89,high,short,16,84,7.1,1.8,3.9,0.9,2.3,50.4,33.6
89,high,medium,26,74,11.5,2.9,6.3,1.5,3.7,44.4,29.6
89,high,long,31,69,13.8,3.4,7.6,1.7,4.5,41.4,27.6
90,low,short,5,95,2.2,0.6,1.2,0.3,0.7,57.0,38.0
90,low,medium,10,90,4.4,1.1,2.4,0.6,1.4,54.0,36.0
90,low,long,15,85,6.7,1.7,3.7,0.8,2.2,51.0,34.0
90,moderate,short,10,90,4.4,1.1,2.4,0.6,1.4,54.0,36.0
90,moderate,medium,20,80,8.9,2.2,4.9,1.1,2.9,48.0,32.0
90,moderate,long,25,75,11.1,2.8,6.1,1.4,3.6,45.0,30.0
90,high,short,15,85,6.7,1.7,3.7,0.8,2.2,51.0,34.0
90,high,medium,25,75,11.1,2.8,6.1,1.4,3.6,45.0,30.0
90,high,long,30,70,13.3,3.3,7.3,1.7,4.3,42.0,28.0
91,low,short,5,95,2.2,0.6,1.2,0.3,0.7,57.0,38.0
91,low,medium,9,91,4.0,1.0,2.2,0.5,1.3,54.6,36.4
91,low,long,14,86,6.2,1.6,3.4,0.8,2.0,51.6,34.4
91,moderate,short,9,91,4.0,1.0,2.2,0.5,1.3,54.6,36.4
91,moderate,medium,19,81,8.4,2.1,4.6,1.1,2.7,48.6,32.4
91,moderate,long,24,76,10.7,2.7,5.9,1.3,3.5,45.6,30.4
91,high,short,14,86,6.2,1.6,3.4,0.8,2.0,51.6,34.4
91,high,medium,24,76,10.7,2.7,5.9,1.3,3.5,45.6,30.4
91,high,long,29,71,12.9,3.2,7.1,1.6,4.2,42.6,28.4
92,low,short,5,95,2.2,0.6,1.2,0.3,0.7,57.0,38.0
92,low,medium,8,92,3.6,0.9,2.0,0.4,1.2,55.2,36.8
92,low,long,13,87,5.8,1.4,3.2,0.7,1.9,52.2,34.8
92,moderate,short,8,92,3.6,0.9,2.0,0.4,1.2,55.2,36.8
92,moderate,medium,18,82,8.0,2.0,4.4,1.0,2.6,49.2,32.8
92,moderate,long,23,77,10.2,2.6,5.6,1.3,3.3,46.2,30.8
92,high,short,13,87,5.8,1.4,3.2,0.7,1.9,52.2,34.8
92,high,medium,23,77,10.2,2.6,5.6,1.3,3.3,46.2,30.8
92,high,long,28,72,12.4,3.1,6.8,1.6,4.0,43.2,28.8
93,low,short,5,95,2.2,0.6,1.2,0.3,0.7,57.0,38.0
93,low,medium,7,93,3.1,0.8,1.7,0.4,1.0,55.8,37.2
93,low,long,12,88,5.3,1.3,2.9,0.7,1.7,52.8,35.2
93,moderate,short,7,93,3.1,0.8,1.7,0.4,1.0,55.8,37.2
93,moderate,medium,17,83,7.5,1.9,4.1,1.0,2.4,49.8,33.2
93,moderate,long,22,78,9.8,2.4,5.4,1.2,3.2,46.8,31.2
93,high,short,12,88,5.3,1.3,2.9,0.7,1.7,52.8,35.2
93,high,medium,22,78,9.8,2.4,5.4,1.2,3.2,46.8,31.2
93,high,long,27,73,12.0,3.0,6.6,1.5,3.9,43.8,29.2
94,low,short,5,95,2.2,0.6,1.2,0.3,0.7,57.0,38.0
94,low,medium,6,94,2.7,0.7,1.5,0.3,0.9,56.4,37.6
94,low,long,11,89,4.9,1.2,2.7,0.6,1.6,53.4,35.6
94,moderate,short,6,94,2.7,0.7,1.5,0.3,0.9,56.4,37.6
94,moderate,medium,16,84,7.1,1.8,3.9,0.9,2.3,50.4,33.6
94,moderate,long,21,79,9.3,2.3,5.1,1.2,3.0,47.4,31.6
94,high,short,11,89,4.9,1.2,2.7,0.6,1.6,53.4,35.6
94,high,medium,21,79,9.3,2.3,5.1,1.2,3.0,47.4,31.6
94,high,long,26,74,11.5,2.9,6.3,1.5,3.7,44.4,29.6
95,low,short,5,95,2.2,0.6,1.2,0.3,0.7,57.0,38.0
95,low,medium,5,95,2.2,0.6,1.2,0.3,0.7,57.0,38.0
95,low,long,10,90,4.4,1.1,2.4,0.6,1.4,54.0,36.0
95,moderate,short,5,95,2.2,0.6,1.2,0.3,0.7,57.0,38.0
95,moderate,medium,15,85,6.7,1.7,3.7,0.8,2.2,51.0,34.0
95,moderate,long,20,80,8.9,2.2,4.9,1.1,2.9,48.0,32.0
95,high,short,10,90,4.4,1.1,2.4,0.6,1.4,54.0,36.0
95,high,medium,20,80,8.9,2.2,4.9,1.1,2.9,48.0,32.0
95,high,long,25,75,11.1,2.8,6.1,1.4,3.6,45.0,30.0
96,low,short,5,95,2.2,0.6,1.2,0.3,0.7,57.0,38.0
96,low,medium,5,95,2.2,0.6,1.2,0.3,0.7,57.0,38.0
96,low,long,9,91,4.0,1.0,2.2,0.5,1.3,54.6,36.4
96,moderate,short,5,95,2.2,0.6,1.2,0.3,0.7,57.0,38.0
96,moderate,medium,14,86,6.2,1.6,3.4,0.8,2.0,51.6,34.4
96,moderate,long,19,81,8.4,2.1,4.6,1.1,2.7,48.6,32.4
96,high,short,9,91,4.0,1.0,2.2,0.5,1.3,54.6,36.4
96,high,medium,19,81,8.4,2.1,4.6,1.1,2.7,48.6,32.4
96,high,long,24,76,10.7,2.7,5.9,1.3,3.5,45.6,30.4
97,low,short,5,95,2.2,0.6,1.2,0.3,0.7,57.0,38.0
97,low,medium,5,95,2.2,0.6,1.2,0.3,0.7,57.0,38.0
97,low,long,8,92,3.6,0.9,2.0,0.4,1.2,55.2,36.8
97,moderate,short,5,95,2.2,0.6,1.2,0.3,0.7,57.0,38.0
97,moderate,medium,13,87,5.8,1.4,3.2,0.7,1.9,52.2,34.8
97,moderate,long,18,82,8.0,2.0,4.4,1.0,2.6,49.2,32.8
97,high,short,8,92,3.6,0.9,2.0,0.4,1.2,55.2,36.8
97,high,medium,18,82,8.0,2.0,4.4,1.0,2.6,49.2,32.8
97,high,long,23,77,10.2,2.6,5.6,1.3,3.3,46.2,30.8
98,low,short,5,95,2.2,0.6,1.2,0.3,0.7,57.0,38.0
98,low,medium,5,95,2.2,0.6,1.2,0.3,0.7,57.0,38.0
98,low,long,7,93,3.1,0.8,1.7,0.4,1.0,55.8,37.2
98,moderate,short,5,95,2.2,0.6,1.2,0.3,0.7,57.0,38.0
98,moderate,medium,12,88,5.3,1.3,2.9,0.7,1.7,52.8,35.2
98,moderate,long,17,83,7.5,1.9,4.1,1.0,2.4,49.8,33.2
98,high,short,7,93,3.1,0.8,1.7,0.4,1.0,55.8,37.2
98,high,medium,17,83,7.5,1.9,4.1,1.0,2.4,49.8,33.2
98,high,long,22,78,9.8,2.4,5.4,1.2,3.2,46.8,31.2
99,low,short,5,95,2.2,0.6,1.2,0.3,0.7,57.0,38.0
99,low,medium,5,95,2.2,0.6,1.2,0.3,0.7,57.0,38.0
99,low,long,6,94,2.7,0.7,1.5,0.3,0.9,56.4,37.6
99,moderate,short,5,95,2.2,0.6,1.2,0.3,0.7,57.0,38.0
99,moderate,medium,11,89,4.9,1.2,2.7,0.6,1.6,53.4,35.6
99,moderate,long,16,84,7.1,1.8,3.9,0.9,2.3,50.4,33.6
99,high,short,6,94,2.7,0.7,1.5,0.3,0.9,56.4,37.6
99,high,medium,16,84,7.1,1.8,3.9,0.9,2.3,50.4,33.6
99,high,long,21,79,9.3,2.3,5.1,1.2,3.0,47.4,31.6
100,low,short,5,95,2.2,0.6,1.2,0.3,0.7,57.0,38.0
100,low,medium,5,95,2.2,0.6,1.2,0.3,0.7,57.0,38.0
100,low,long,5,95,2.2,0.6,1.2,0.3,0.7,57.0,38.0
100,moderate,short,5,95,2.2,0.6,1.2,0.3,0.7,57.0,38.0
100,moderate,medium,10,90,4.4,1.1,2.4,0.6,1.4,54.0,36.0
100,moderate,long,15,85,6.7,1.7,3.7,0.8,2.2,51.0,34.0
100,high,short,5,95,2.2,0.6,1.2,0.3,0.7,57.0,38.0
100,high,medium,15,85,6.7,1.7,3.7,0.8,2.2,51.0,34.0
100,high,long,20,80,8.9,2.2,4.9,1.1,2.9,48.0,32.0
